,TRADEDATE,BOARDID,SECID,TRADETIME,CURPRICE,LASTPRICE,LEGALCLOSE,TRADINGSESSION
0,2024-05-03,TQBR,ABIO,10:00:00,113.48,113.48,111.46,1
1,2024-05-03,TQBR,ABIO,10:01:00,113.74,113.86,111.46,1
2,2024-05-03,TQBR,ABIO,10:02:00,114.92,116.12,111.46,1
3,2024-05-03,TQBR,ABIO,10:03:00,115.58,117.26,111.46,1
4,2024-05-03,TQBR,ABIO,10:04:00,115.7,116.48,111.46,1
5,2024-05-03,TQBR,ABIO,10:05:00,115.82,116.88,111.46,1
6,2024-05-03,TQBR,ABIO,10:06:00,115.86,116.02,111.46,1
7,2024-05-03,TQBR,ABIO,10:07:00,115.78,115.08,111.46,1
8,2024-05-03,TQBR,ABIO,10:08:00,115.76,115.68,111.46,1
9,2024-05-03,TQBR,ABIO,10:09:00,115.7,115.08,111.46,1
10,2024-05-03,TQBR,ABIO,10:10:00,115.76,114.86,111.46,1
11,2024-05-03,TQBR,ABIO,10:11:00,115.92,114.5,111.46,1
12,2024-05-03,TQBR,ABIO,10:12:00,115.94,114.5,111.46,1
13,2024-05-03,TQBR,ABIO,10:13:00,115.64,114.88,111.46,1
14,2024-05-03,TQBR,ABIO,10:14:00,115.5,115.46,111.46,1
15,2024-05-03,TQBR,ABIO,10:15:00,115.26,115.3,111.46,1
16,2024-05-03,TQBR,ABIO,10:16:00,115.12,114.82,111.46,1
17,2024-05-03,TQBR,ABIO,10:17:00,115.1,114.5,111.46,1
18,2024-05-03,TQBR,ABIO,10:18:00,115.0,114.54,111.46,1
19,2024-05-03,TQBR,ABIO,10:19:00,114.86,114.4,111.46,1
20,2024-05-03,TQBR,ABIO,10:20:00,114.64,113.86,111.46,1
21,2024-05-03,TQBR,ABIO,10:21:00,114.64,113.86,111.46,1
22,2024-05-03,TQBR,ABIO,10:22:00,114.62,113.86,111.46,1
23,2024-05-03,TQBR,ABIO,10:23:00,114.56,113.7,111.46,1
24,2024-05-03,TQBR,ABIO,10:24:00,114.48,113.68,111.46,1
25,2024-05-03,TQBR,ABIO,10:25:00,114.22,113.94,111.46,1
26,2024-05-03,TQBR,ABIO,10:26:00,114.1,114.44,111.46,1
27,2024-05-03,TQBR,ABIO,10:27:00,114.08,114.36,111.46,1
28,2024-05-03,TQBR,ABIO,10:28:00,114.06,114.06,111.46,1
29,2024-05-03,TQBR,ABIO,10:29:00,114.0,114.18,111.46,1
30,2024-05-03,TQBR,ABIO,10:30:00,114.12,114.88,111.46,1
31,2024-05-03,TQBR,ABIO,10:31:00,114.22,114.98,111.46,1
32,2024-05-03,TQBR,ABIO,10:32:00,114.6,115.18,111.46,1
33,2024-05-03,TQBR,ABIO,10:33:00,114.86,115.74,111.46,1
34,2024-05-03,TQBR,ABIO,10:34:00,115.22,115.58,111.46,1
35,2024-05-03,TQBR,ABIO,10:35:00,115.28,115.52,111.46,1
36,2024-05-03,TQBR,ABIO,10:36:00,115.46,115.22,111.46,1
37,2024-05-03,TQBR,ABIO,10:37:00,115.46,115.38,111.46,1
38,2024-05-03,TQBR,ABIO,10:38:00,115.54,115.34,111.46,1
39,2024-05-03,TQBR,ABIO,10:39:00,115.54,115.46,111.46,1
40,2024-05-03,TQBR,ABIO,10:40:00,115.54,115.46,111.46,1
41,2024-05-03,TQBR,ABIO,10:41:00,115.54,115.12,111.46,1
42,2024-05-03,TQBR,ABIO,10:42:00,115.56,115.0,111.46,1
43,2024-05-03,TQBR,ABIO,10:43:00,115.56,115.0,111.46,1
44,2024-05-03,TQBR,ABIO,10:44:00,115.3,115.04,111.46,1
45,2024-05-03,TQBR,ABIO,10:45:00,115.3,115.18,111.46,1
46,2024-05-03,TQBR,ABIO,10:46:00,115.28,115.0,111.46,1
47,2024-05-03,TQBR,ABIO,10:47:00,115.28,114.96,111.46,1
48,2024-05-03,TQBR,ABIO,10:48:00,115.18,115.0,111.46,1
49,2024-05-03,TQBR,ABIO,10:49:00,115.14,114.88,111.46,1
50,2024-05-03,TQBR,ABIO,10:50:00,115.1,114.88,111.46,1
51,2024-05-03,TQBR,ABIO,10:51:00,115.06,114.88,111.46,1
52,2024-05-03,TQBR,ABIO,10:52:00,115.0,114.8,111.46,1
53,2024-05-03,TQBR,ABIO,10:53:00,114.94,114.88,111.46,1
54,2024-05-03,TQBR,ABIO,10:54:00,114.9,114.72,111.46,1
55,2024-05-03,TQBR,ABIO,10:55:00,114.9,115.0,111.46,1
56,2024-05-03,TQBR,ABIO,10:56:00,114.86,114.94,111.46,1
57,2024-05-03,TQBR,ABIO,10:57:00,114.92,115.14,111.46,1
58,2024-05-03,TQBR,ABIO,10:58:00,114.94,115.02,111.46,1
59,2024-05-03,TQBR,ABIO,10:59:00,114.98,115.16,111.46,1
60,2024-05-03,TQBR,ABIO,11:00:00,115.0,115.2,111.46,1
61,2024-05-03,TQBR,ABIO,11:01:00,115.02,115.38,111.46,1
62,2024-05-03,TQBR,ABIO,11:02:00,115.06,115.38,111.46,1
63,2024-05-03,TQBR,ABIO,11:03:00,115.12,115.14,111.46,1
64,2024-05-03,TQBR,ABIO,11:04:00,115.14,115.3,111.46,1
65,2024-05-03,TQBR,ABIO,11:05:00,115.14,115.18,111.46,1
66,2024-05-03,TQBR,ABIO,11:06:00,115.16,115.14,111.46,1
67,2024-05-03,TQBR,ABIO,11:07:00,115.18,115.2,111.46,1
68,2024-05-03,TQBR,ABIO,11:08:00,115.3,115.4,111.46,1
69,2024-05-03,TQBR,ABIO,11:09:00,115.3,115.28,111.46,1
70,2024-05-03,TQBR,ABIO,11:10:00,115.44,115.78,111.46,1
71,2024-05-03,TQBR,ABIO,11:11:00,115.46,115.52,111.46,1
72,2024-05-03,TQBR,ABIO,11:12:00,115.46,115.62,111.46,1
73,2024-05-03,TQBR,ABIO,11:13:00,115.48,115.8,111.46,1
74,2024-05-03,TQBR,ABIO,11:14:00,115.5,115.7,111.46,1
75,2024-05-03,TQBR,ABIO,11:15:00,115.52,115.28,111.46,1
76,2024-05-03,TQBR,ABIO,11:16:00,115.52,115.1,111.46,1
77,2024-05-03,TQBR,ABIO,11:17:00,115.5,115.2,111.46,1
78,2024-05-03,TQBR,ABIO,11:18:00,115.52,115.06,111.46,1
79,2024-05-03,TQBR,ABIO,11:19:00,115.48,115.12,111.46,1
80,2024-05-03,TQBR,ABIO,11:20:00,115.26,115.04,111.46,1
81,2024-05-03,TQBR,ABIO,11:21:00,115.2,115.24,111.46,1
82,2024-05-03,TQBR,ABIO,11:22:00,115.16,115.0,111.46,1
83,2024-05-03,TQBR,ABIO,11:23:00,115.12,115.1,111.46,1
84,2024-05-03,TQBR,ABIO,11:24:00,115.1,115.16,111.46,1
85,2024-05-03,TQBR,ABIO,11:25:00,115.08,115.18,111.46,1
86,2024-05-03,TQBR,ABIO,11:26:00,115.08,115.2,111.46,1
87,2024-05-03,TQBR,ABIO,11:27:00,115.06,115.1,111.46,1
88,2024-05-03,TQBR,ABIO,11:28:00,115.06,115.12,111.46,1
89,2024-05-03,TQBR,ABIO,11:29:00,115.08,115.12,111.46,1
90,2024-05-03,TQBR,ABIO,11:30:00,115.1,115.02,111.46,1
91,2024-05-03,TQBR,ABIO,11:31:00,115.08,115.12,111.46,1
92,2024-05-03,TQBR,ABIO,11:32:00,115.08,115.1,111.46,1
93,2024-05-03,TQBR,ABIO,11:33:00,115.08,114.9,111.46,1
94,2024-05-03,TQBR,ABIO,11:34:00,114.76,114.74,111.46,1
95,2024-05-03,TQBR,ABIO,11:35:00,114.72,114.58,111.46,1
96,2024-05-03,TQBR,ABIO,11:36:00,114.66,114.28,111.46,1
97,2024-05-03,TQBR,ABIO,11:37:00,114.52,113.9,111.46,1
98,2024-05-03,TQBR,ABIO,11:38:00,114.5,113.9,111.46,1
99,2024-05-03,TQBR,ABIO,11:39:00,114.46,114.02,111.46,1
100,2024-05-03,TQBR,ABIO,11:40:00,114.44,114.02,111.46,1
101,2024-05-03,TQBR,ABIO,11:41:00,114.4,114.1,111.46,1
102,2024-05-03,TQBR,ABIO,11:42:00,114.38,114.1,111.46,1
103,2024-05-03,TQBR,ABIO,11:43:00,114.34,114.24,111.46,1
104,2024-05-03,TQBR,ABIO,11:44:00,114.12,114.22,111.46,1
105,2024-05-03,TQBR,ABIO,11:45:00,114.12,114.48,111.46,1
106,2024-05-03,TQBR,ABIO,11:46:00,114.1,113.96,111.46,1
107,2024-05-03,TQBR,ABIO,11:47:00,114.12,114.0,111.46,1
108,2024-05-03,TQBR,ABIO,11:48:00,114.12,113.86,111.46,1
109,2024-05-03,TQBR,ABIO,11:49:00,114.14,113.88,111.46,1
110,2024-05-03,TQBR,ABIO,11:50:00,114.14,114.02,111.46,1
111,2024-05-03,TQBR,ABIO,11:51:00,114.16,113.98,111.46,1
112,2024-05-03,TQBR,ABIO,11:52:00,114.16,114.0,111.46,1
113,2024-05-03,TQBR,ABIO,11:53:00,114.18,114.0,111.46,1
114,2024-05-03,TQBR,ABIO,11:54:00,114.18,113.98,111.46,1
115,2024-05-03,TQBR,ABIO,11:55:00,114.16,114.0,111.46,1
116,2024-05-03,TQBR,ABIO,11:56:00,113.92,114.0,111.46,1
117,2024-05-03,TQBR,ABIO,11:57:00,113.94,113.8,111.46,1
118,2024-05-03,TQBR,ABIO,11:58:00,113.94,113.98,111.46,1
119,2024-05-03,TQBR,ABIO,11:59:00,113.96,114.0,111.46,1
120,2024-05-03,TQBR,ABIO,12:00:00,113.9,113.78,111.46,1
121,2024-05-03,TQBR,ABIO,12:01:00,113.88,113.7,111.46,1
122,2024-05-03,TQBR,ABIO,12:02:00,113.88,113.74,111.46,1
123,2024-05-03,TQBR,ABIO,12:03:00,113.86,113.72,111.46,1
124,2024-05-03,TQBR,ABIO,12:04:00,113.86,113.92,111.46,1
125,2024-05-03,TQBR,ABIO,12:05:00,113.86,113.98,111.46,1
126,2024-05-03,TQBR,ABIO,12:06:00,113.86,113.98,111.46,1
127,2024-05-03,TQBR,ABIO,12:07:00,113.88,113.98,111.46,1
128,2024-05-03,TQBR,ABIO,12:08:00,114.18,114.2,111.46,1
129,2024-05-03,TQBR,ABIO,12:09:00,114.2,114.28,111.46,1
130,2024-05-03,TQBR,ABIO,12:10:00,114.28,114.48,111.46,1
131,2024-05-03,TQBR,ABIO,12:11:00,114.32,114.4,111.46,1
132,2024-05-03,TQBR,ABIO,12:12:00,114.34,114.48,111.46,1
133,2024-05-03,TQBR,ABIO,12:13:00,114.36,114.48,111.46,1
134,2024-05-03,TQBR,ABIO,12:14:00,114.38,114.64,111.46,1
135,2024-05-03,TQBR,ABIO,12:15:00,114.42,114.54,111.46,1
136,2024-05-03,TQBR,ABIO,12:16:00,114.42,114.58,111.46,1
137,2024-05-03,TQBR,ABIO,12:17:00,114.42,114.4,111.46,1
138,2024-05-03,TQBR,ABIO,12:18:00,114.5,114.3,111.46,1
139,2024-05-03,TQBR,ABIO,12:19:00,114.52,114.42,111.46,1
140,2024-05-03,TQBR,ABIO,12:20:00,114.48,114.16,111.46,1
141,2024-05-03,TQBR,ABIO,12:21:00,114.2,113.86,111.46,1
142,2024-05-03,TQBR,ABIO,12:22:00,113.76,113.32,111.46,1
143,2024-05-03,TQBR,ABIO,12:23:00,113.68,113.26,111.46,1
144,2024-05-03,TQBR,ABIO,12:24:00,113.62,113.28,111.46,1
145,2024-05-03,TQBR,ABIO,12:25:00,113.6,113.18,111.46,1
146,2024-05-03,TQBR,ABIO,12:26:00,113.56,113.26,111.46,1
147,2024-05-03,TQBR,ABIO,12:27:00,113.56,113.24,111.46,1
148,2024-05-03,TQBR,ABIO,12:28:00,113.54,113.36,111.46,1
149,2024-05-03,TQBR,ABIO,12:29:00,113.54,113.26,111.46,1
150,2024-05-03,TQBR,ABIO,12:30:00,113.52,113.16,111.46,1
151,2024-05-03,TQBR,ABIO,12:31:00,113.32,112.82,111.46,1
152,2024-05-03,TQBR,ABIO,12:32:00,113.08,113.0,111.46,1
153,2024-05-03,TQBR,ABIO,12:33:00,112.98,112.8,111.46,1
154,2024-05-03,TQBR,ABIO,12:34:00,112.9,112.62,111.46,1
155,2024-05-03,TQBR,ABIO,12:35:00,112.88,112.8,111.46,1
156,2024-05-03,TQBR,ABIO,12:36:00,112.88,112.94,111.46,1
157,2024-05-03,TQBR,ABIO,12:37:00,112.9,113.3,111.46,1
158,2024-05-03,TQBR,ABIO,12:38:00,112.88,113.3,111.46,1
159,2024-05-03,TQBR,ABIO,12:39:00,112.9,113.34,111.46,1
160,2024-05-03,TQBR,ABIO,12:40:00,112.9,113.44,111.46,1
161,2024-05-03,TQBR,ABIO,12:41:00,112.9,113.12,111.46,1
162,2024-05-03,TQBR,ABIO,12:42:00,112.9,112.84,111.46,1
163,2024-05-03,TQBR,ABIO,12:43:00,112.92,113.0,111.46,1
164,2024-05-03,TQBR,ABIO,12:44:00,113.08,113.12,111.46,1
165,2024-05-03,TQBR,ABIO,12:45:00,113.08,113.06,111.46,1
166,2024-05-03,TQBR,ABIO,12:47:00,113.1,113.28,111.46,1
167,2024-05-03,TQBR,ABIO,12:48:00,113.1,113.26,111.46,1
168,2024-05-03,TQBR,ABIO,12:49:00,113.02,113.28,111.46,1
169,2024-05-03,TQBR,ABIO,12:50:00,113.02,113.26,111.46,1
170,2024-05-03,TQBR,ABIO,12:51:00,113.04,113.3,111.46,1
171,2024-05-03,TQBR,ABIO,12:52:00,113.12,113.42,111.46,1
172,2024-05-03,TQBR,ABIO,12:53:00,113.32,113.24,111.46,1
173,2024-05-03,TQBR,ABIO,12:54:00,113.36,113.32,111.46,1
174,2024-05-03,TQBR,ABIO,12:55:00,113.36,113.1,111.46,1
175,2024-05-03,TQBR,ABIO,12:56:00,113.32,112.8,111.46,1
176,2024-05-03,TQBR,ABIO,12:57:00,113.26,112.94,111.46,1
177,2024-05-03,TQBR,ABIO,12:58:00,113.22,112.8,111.46,1
178,2024-05-03,TQBR,ABIO,12:59:00,113.2,112.94,111.46,1
179,2024-05-03,TQBR,ABIO,13:00:00,113.18,112.84,111.46,1
180,2024-05-03,TQBR,ABIO,13:01:00,113.12,112.8,111.46,1
181,2024-05-03,TQBR,ABIO,13:02:00,113.08,112.98,111.46,1
182,2024-05-03,TQBR,ABIO,13:03:00,112.88,112.96,111.46,1
183,2024-05-03,TQBR,ABIO,13:04:00,112.88,113.0,111.46,1
184,2024-05-03,TQBR,ABIO,13:05:00,112.88,113.02,111.46,1
185,2024-05-03,TQBR,ABIO,13:06:00,112.88,112.8,111.46,1
186,2024-05-03,TQBR,ABIO,13:07:00,112.92,113.08,111.46,1
187,2024-05-03,TQBR,ABIO,13:08:00,112.94,113.08,111.46,1
188,2024-05-03,TQBR,ABIO,13:09:00,112.98,113.08,111.46,1
189,2024-05-03,TQBR,ABIO,13:11:00,113.02,113.1,111.46,1
190,2024-05-03,TQBR,ABIO,13:12:00,113.02,112.94,111.46,1
191,2024-05-03,TQBR,ABIO,13:13:00,113.02,113.1,111.46,1
192,2024-05-03,TQBR,ABIO,13:14:00,113.02,113.04,111.46,1
193,2024-05-03,TQBR,ABIO,13:15:00,113.04,113.04,111.46,1
194,2024-05-03,TQBR,ABIO,13:16:00,113.06,113.04,111.46,1
195,2024-05-03,TQBR,ABIO,13:17:00,113.08,113.08,111.46,1
196,2024-05-03,TQBR,ABIO,13:18:00,113.08,113.06,111.46,1
197,2024-05-03,TQBR,ABIO,13:19:00,113.06,113.06,111.46,1
198,2024-05-03,TQBR,ABIO,13:20:00,113.06,112.9,111.46,1
199,2024-05-03,TQBR,ABIO,13:21:00,112.98,113.06,111.46,1
200,2024-05-03,TQBR,ABIO,13:23:00,112.98,113.06,111.46,1
201,2024-05-03,TQBR,ABIO,13:24:00,112.98,113.04,111.46,1
202,2024-05-03,TQBR,ABIO,13:25:00,112.94,112.9,111.46,1
203,2024-05-03,TQBR,ABIO,13:26:00,112.9,112.82,111.46,1
204,2024-05-03,TQBR,ABIO,13:27:00,112.88,112.82,111.46,1
205,2024-05-03,TQBR,ABIO,13:28:00,112.88,112.74,111.46,1
206,2024-05-03,TQBR,ABIO,13:29:00,112.62,112.66,111.46,1
207,2024-05-03,TQBR,ABIO,13:30:00,112.62,112.66,111.46,1
208,2024-05-03,TQBR,ABIO,13:31:00,112.6,112.78,111.46,1
209,2024-05-03,TQBR,ABIO,13:32:00,112.6,112.7,111.46,1
210,2024-05-03,TQBR,ABIO,13:33:00,112.6,112.76,111.46,1
211,2024-05-03,TQBR,ABIO,13:34:00,112.62,112.8,111.46,1
212,2024-05-03,TQBR,ABIO,13:35:00,112.58,112.62,111.46,1
213,2024-05-03,TQBR,ABIO,13:36:00,112.56,112.8,111.46,1
214,2024-05-03,TQBR,ABIO,13:37:00,112.56,112.64,111.46,1
215,2024-05-03,TQBR,ABIO,13:38:00,112.54,112.72,111.46,1
216,2024-05-03,TQBR,ABIO,13:39:00,112.62,112.68,111.46,1
217,2024-05-03,TQBR,ABIO,13:40:00,112.62,112.48,111.46,1
218,2024-05-03,TQBR,ABIO,13:41:00,112.6,112.62,111.46,1
219,2024-05-03,TQBR,ABIO,13:42:00,112.6,112.7,111.46,1
220,2024-05-03,TQBR,ABIO,13:43:00,112.62,112.78,111.46,1
221,2024-05-03,TQBR,ABIO,13:44:00,112.74,112.88,111.46,1
222,2024-05-03,TQBR,ABIO,13:45:00,112.74,112.88,111.46,1
223,2024-05-03,TQBR,ABIO,13:46:00,112.72,112.82,111.46,1
224,2024-05-03,TQBR,ABIO,13:47:00,112.74,112.96,111.46,1
225,2024-05-03,TQBR,ABIO,13:48:00,112.78,112.94,111.46,1
226,2024-05-03,TQBR,ABIO,13:49:00,112.78,112.92,111.46,1
227,2024-05-03,TQBR,ABIO,13:50:00,112.8,112.9,111.46,1
228,2024-05-03,TQBR,ABIO,13:51:00,112.82,112.96,111.46,1
229,2024-05-03,TQBR,ABIO,13:53:00,112.82,112.78,111.46,1
230,2024-05-03,TQBR,ABIO,13:55:00,112.88,112.9,111.46,1
231,2024-05-03,TQBR,ABIO,13:57:00,112.9,112.94,111.46,1
232,2024-05-03,TQBR,ABIO,13:58:00,112.9,112.92,111.46,1
233,2024-05-03,TQBR,ABIO,13:59:00,112.9,112.92,111.46,1
234,2024-05-03,TQBR,ABIO,14:02:00,112.82,112.92,111.46,1
235,2024-05-03,TQBR,ABIO,14:04:00,112.82,112.98,111.46,1
236,2024-05-03,TQBR,ABIO,14:05:00,112.92,112.84,111.46,1
237,2024-05-03,TQBR,ABIO,14:06:00,112.94,112.98,111.46,1
238,2024-05-03,TQBR,ABIO,14:07:00,112.94,112.9,111.46,1
239,2024-05-03,TQBR,ABIO,14:08:00,112.94,112.96,111.46,1
240,2024-05-03,TQBR,ABIO,14:10:00,112.94,112.96,111.46,1
241,2024-05-03,TQBR,ABIO,14:11:00,112.94,112.88,111.46,1
242,2024-05-03,TQBR,ABIO,14:12:00,112.94,112.96,111.46,1
243,2024-05-03,TQBR,ABIO,14:13:00,112.94,112.98,111.46,1
244,2024-05-03,TQBR,ABIO,14:14:00,112.94,112.94,111.46,1
245,2024-05-03,TQBR,ABIO,14:15:00,112.94,112.92,111.46,1
246,2024-05-03,TQBR,ABIO,14:16:00,112.92,112.94,111.46,1
247,2024-05-03,TQBR,ABIO,14:17:00,112.92,112.88,111.46,1
248,2024-05-03,TQBR,ABIO,14:18:00,112.92,112.82,111.46,1
249,2024-05-03,TQBR,ABIO,14:19:00,112.92,112.76,111.46,1
250,2024-05-03,TQBR,ABIO,14:20:00,112.86,112.6,111.46,1
251,2024-05-03,TQBR,ABIO,14:21:00,112.8,112.78,111.46,1
252,2024-05-03,TQBR,ABIO,14:22:00,112.8,112.78,111.46,1
253,2024-05-03,TQBR,ABIO,14:23:00,112.8,112.78,111.46,1
254,2024-05-03,TQBR,ABIO,14:24:00,112.8,112.78,111.46,1
255,2024-05-03,TQBR,ABIO,14:25:00,112.8,112.76,111.46,1
256,2024-05-03,TQBR,ABIO,14:26:00,112.62,112.72,111.46,1
257,2024-05-03,TQBR,ABIO,14:27:00,112.6,112.44,111.46,1
258,2024-05-03,TQBR,ABIO,14:28:00,112.6,112.64,111.46,1
259,2024-05-03,TQBR,ABIO,14:29:00,112.58,112.66,111.46,1
260,2024-05-03,TQBR,ABIO,14:30:00,112.56,112.56,111.46,1
261,2024-05-03,TQBR,ABIO,14:33:00,112.56,112.86,111.46,1
262,2024-05-03,TQBR,ABIO,14:35:00,112.56,112.76,111.46,1
263,2024-05-03,TQBR,ABIO,14:39:00,112.7,112.78,111.46,1
264,2024-05-03,TQBR,ABIO,14:41:00,112.72,112.86,111.46,1
265,2024-05-03,TQBR,ABIO,14:42:00,112.84,112.94,111.46,1
266,2024-05-03,TQBR,ABIO,14:43:00,112.9,112.84,111.46,1
267,2024-05-03,TQBR,ABIO,14:46:00,112.9,112.92,111.46,1
268,2024-05-03,TQBR,ABIO,14:47:00,112.9,112.84,111.46,1
269,2024-05-03,TQBR,ABIO,14:49:00,112.92,112.94,111.46,1
270,2024-05-03,TQBR,ABIO,14:51:00,112.92,112.94,111.46,1
271,2024-05-03,TQBR,ABIO,14:53:00,112.94,112.98,111.46,1
272,2024-05-03,TQBR,ABIO,14:54:00,112.96,112.98,111.46,1
273,2024-05-03,TQBR,ABIO,14:55:00,113.04,113.22,111.46,1
274,2024-05-03,TQBR,ABIO,14:56:00,113.04,113.22,111.46,1
275,2024-05-03,TQBR,ABIO,14:57:00,113.06,112.88,111.46,1
276,2024-05-03,TQBR,ABIO,14:59:00,113.08,113.2,111.46,1
277,2024-05-03,TQBR,ABIO,15:00:00,113.08,113.2,111.46,1
278,2024-05-03,TQBR,ABIO,15:04:00,113.12,113.32,111.46,1
279,2024-05-03,TQBR,ABIO,15:06:00,113.24,113.4,111.46,1
280,2024-05-03,TQBR,ABIO,15:07:00,113.3,113.4,111.46,1
281,2024-05-03,TQBR,ABIO,15:08:00,113.3,113.16,111.46,1
282,2024-05-03,TQBR,ABIO,15:09:00,113.3,113.3,111.46,1
283,2024-05-03,TQBR,ABIO,15:10:00,113.32,113.28,111.46,1
284,2024-05-03,TQBR,ABIO,15:11:00,113.32,113.3,111.46,1
285,2024-05-03,TQBR,ABIO,15:12:00,113.32,113.4,111.46,1
286,2024-05-03,TQBR,ABIO,15:13:00,113.32,113.38,111.46,1
287,2024-05-03,TQBR,ABIO,15:14:00,113.56,113.5,111.46,1
288,2024-05-03,TQBR,ABIO,15:15:00,113.62,113.76,111.46,1
289,2024-05-03,TQBR,ABIO,15:16:00,113.68,113.02,111.46,1
290,2024-05-03,TQBR,ABIO,15:17:00,113.46,113.18,111.46,1
291,2024-05-03,TQBR,ABIO,15:18:00,113.46,113.58,111.46,1
292,2024-05-03,TQBR,ABIO,15:19:00,113.5,113.28,111.46,1
293,2024-05-03,TQBR,ABIO,15:20:00,113.44,113.08,111.46,1
294,2024-05-03,TQBR,ABIO,15:21:00,113.42,113.56,111.46,1
295,2024-05-03,TQBR,ABIO,15:22:00,113.42,113.14,111.46,1
296,2024-05-03,TQBR,ABIO,15:23:00,113.38,113.56,111.46,1
297,2024-05-03,TQBR,ABIO,15:24:00,113.36,113.48,111.46,1
298,2024-05-03,TQBR,ABIO,15:25:00,113.34,113.44,111.46,1
299,2024-05-03,TQBR,ABIO,15:26:00,113.3,113.54,111.46,1
300,2024-05-03,TQBR,ABIO,15:27:00,113.36,113.44,111.46,1
301,2024-05-03,TQBR,ABIO,15:28:00,113.36,113.48,111.46,1
302,2024-05-03,TQBR,ABIO,15:30:00,113.34,113.36,111.46,1
303,2024-05-03,TQBR,ABIO,15:31:00,113.32,113.46,111.46,1
304,2024-05-03,TQBR,ABIO,15:33:00,113.44,113.34,111.46,1
305,2024-05-03,TQBR,ABIO,15:34:00,113.44,113.46,111.46,1
306,2024-05-03,TQBR,ABIO,15:35:00,113.46,113.42,111.46,1
307,2024-05-03,TQBR,ABIO,15:36:00,113.42,113.42,111.46,1
308,2024-05-03,TQBR,ABIO,15:37:00,113.42,113.4,111.46,1
309,2024-05-03,TQBR,ABIO,15:38:00,113.3,113.18,111.46,1
310,2024-05-03,TQBR,ABIO,15:41:00,113.26,113.28,111.46,1
311,2024-05-03,TQBR,ABIO,15:42:00,113.26,113.28,111.46,1
312,2024-05-03,TQBR,ABIO,15:43:00,113.26,113.28,111.46,1
313,2024-05-03,TQBR,ABIO,15:44:00,113.26,113.32,111.46,1
314,2024-05-03,TQBR,ABIO,15:45:00,113.22,113.34,111.46,1
315,2024-05-03,TQBR,ABIO,15:47:00,113.2,113.32,111.46,1
316,2024-05-03,TQBR,ABIO,15:48:00,113.24,113.3,111.46,1
317,2024-05-03,TQBR,ABIO,15:49:00,113.24,113.32,111.46,1
318,2024-05-03,TQBR,ABIO,15:50:00,113.24,113.3,111.46,1
319,2024-05-03,TQBR,ABIO,15:53:00,113.3,113.34,111.46,1
320,2024-05-03,TQBR,ABIO,15:57:00,113.38,113.56,111.46,1
321,2024-05-03,TQBR,ABIO,16:01:00,113.48,113.38,111.46,1
322,2024-05-03,TQBR,ABIO,16:02:00,113.52,113.54,111.46,1
323,2024-05-03,TQBR,ABIO,16:03:00,113.52,113.52,111.46,1
324,2024-05-03,TQBR,ABIO,16:04:00,113.42,113.3,111.46,1
325,2024-05-03,TQBR,ABIO,16:05:00,113.36,113.54,111.46,1
326,2024-05-03,TQBR,ABIO,16:06:00,113.36,113.58,111.46,1
327,2024-05-03,TQBR,ABIO,16:07:00,113.46,113.5,111.46,1
328,2024-05-03,TQBR,ABIO,16:08:00,113.46,113.66,111.46,1
329,2024-05-03,TQBR,ABIO,16:09:00,113.46,113.52,111.46,1
330,2024-05-03,TQBR,ABIO,16:10:00,113.48,113.74,111.46,1
331,2024-05-03,TQBR,ABIO,16:11:00,113.48,113.2,111.46,1
332,2024-05-03,TQBR,ABIO,16:12:00,113.46,113.36,111.46,1
333,2024-05-03,TQBR,ABIO,16:14:00,113.48,113.52,111.46,1
334,2024-05-03,TQBR,ABIO,16:17:00,113.5,113.52,111.46,1
335,2024-05-03,TQBR,ABIO,16:18:00,113.5,113.5,111.46,1
336,2024-05-03,TQBR,ABIO,16:19:00,113.5,113.38,111.46,1
337,2024-05-03,TQBR,ABIO,16:21:00,113.44,113.5,111.46,1
338,2024-05-03,TQBR,ABIO,16:22:00,113.5,113.5,111.46,1
339,2024-05-03,TQBR,ABIO,16:23:00,113.5,113.5,111.46,1
340,2024-05-03,TQBR,ABIO,16:24:00,113.5,113.5,111.46,1
341,2024-05-03,TQBR,ABIO,16:25:00,113.5,113.5,111.46,1
342,2024-05-03,TQBR,ABIO,16:26:00,113.46,113.36,111.46,1
343,2024-05-03,TQBR,ABIO,16:27:00,113.44,113.36,111.46,1
344,2024-05-03,TQBR,ABIO,16:28:00,113.44,113.36,111.46,1
345,2024-05-03,TQBR,ABIO,16:29:00,113.44,113.5,111.46,1
346,2024-05-03,TQBR,ABIO,16:30:00,113.4,113.2,111.46,1
347,2024-05-03,TQBR,ABIO,16:31:00,113.54,113.48,111.46,1
348,2024-05-03,TQBR,ABIO,16:33:00,113.54,113.74,111.46,1
349,2024-05-03,TQBR,ABIO,16:34:00,113.54,113.74,111.46,1
350,2024-05-03,TQBR,ABIO,16:35:00,113.56,113.58,111.46,1
351,2024-05-03,TQBR,ABIO,16:36:00,113.58,113.64,111.46,1
352,2024-05-03,TQBR,ABIO,16:38:00,113.6,113.78,111.46,1
353,2024-05-03,TQBR,ABIO,16:39:00,113.62,113.62,111.46,1
354,2024-05-03,TQBR,ABIO,16:41:00,113.74,113.8,111.46,1
355,2024-05-03,TQBR,ABIO,16:42:00,113.74,113.8,111.46,1
356,2024-05-03,TQBR,ABIO,16:44:00,113.74,113.68,111.46,1
357,2024-05-03,TQBR,ABIO,16:46:00,113.6,113.28,111.46,1
358,2024-05-03,TQBR,ABIO,16:47:00,113.58,113.3,111.46,1
359,2024-05-03,TQBR,ABIO,16:48:00,113.56,113.54,111.46,1
360,2024-05-03,TQBR,ABIO,16:51:00,113.5,113.5,111.46,1
361,2024-05-03,TQBR,ABIO,16:52:00,113.5,113.3,111.46,1
362,2024-05-03,TQBR,ABIO,16:53:00,113.48,113.3,111.46,1
363,2024-05-03,TQBR,ABIO,16:54:00,113.48,113.24,111.46,1
364,2024-05-03,TQBR,ABIO,16:56:00,113.42,113.26,111.46,1
365,2024-05-03,TQBR,ABIO,16:57:00,113.42,113.26,111.46,1
366,2024-05-03,TQBR,ABIO,16:58:00,113.34,113.26,111.46,1
367,2024-05-03,TQBR,ABIO,16:59:00,113.22,113.16,111.46,1
368,2024-05-03,TQBR,ABIO,17:01:00,113.2,113.16,111.46,1
369,2024-05-03,TQBR,ABIO,17:02:00,113.2,113.16,111.46,1
370,2024-05-03,TQBR,ABIO,17:03:00,113.2,113.16,111.46,1
371,2024-05-03,TQBR,ABIO,17:08:00,113.08,113.04,111.46,1
372,2024-05-03,TQBR,ABIO,17:09:00,113.22,113.34,111.46,1
373,2024-05-03,TQBR,ABIO,17:10:00,113.28,113.36,111.46,1
374,2024-05-03,TQBR,ABIO,17:11:00,113.3,113.38,111.46,1
375,2024-05-03,TQBR,ABIO,17:12:00,113.3,113.44,111.46,1
376,2024-05-03,TQBR,ABIO,17:13:00,113.28,113.0,111.46,1
377,2024-05-03,TQBR,ABIO,17:14:00,113.18,113.04,111.46,1
378,2024-05-03,TQBR,ABIO,17:15:00,113.18,113.22,111.46,1
379,2024-05-03,TQBR,ABIO,17:16:00,113.18,113.3,111.46,1
380,2024-05-03,TQBR,ABIO,17:17:00,113.18,113.28,111.46,1
381,2024-05-03,TQBR,ABIO,17:21:00,113.06,113.2,111.46,1
382,2024-05-03,TQBR,ABIO,17:23:00,113.04,113.28,111.46,1
383,2024-05-03,TQBR,ABIO,17:25:00,113.28,113.28,111.46,1
384,2024-05-03,TQBR,ABIO,17:27:00,113.24,113.18,111.46,1
385,2024-05-03,TQBR,ABIO,17:31:00,113.26,113.26,111.46,1
386,2024-05-03,TQBR,ABIO,17:32:00,113.26,113.24,111.46,1
387,2024-05-03,TQBR,ABIO,17:35:00,113.22,113.24,111.46,1
388,2024-05-03,TQBR,ABIO,17:37:00,113.24,113.14,111.46,1
389,2024-05-03,TQBR,ABIO,17:38:00,113.22,113.14,111.46,1
390,2024-05-03,TQBR,ABIO,17:39:00,113.16,113.14,111.46,1
391,2024-05-03,TQBR,ABIO,17:41:00,113.16,113.24,111.46,1
392,2024-05-03,TQBR,ABIO,17:42:00,113.2,113.3,111.46,1
393,2024-05-03,TQBR,ABIO,17:43:00,113.2,113.3,111.46,1
394,2024-05-03,TQBR,ABIO,17:44:00,113.2,113.3,111.46,1
395,2024-05-03,TQBR,ABIO,17:46:00,113.2,113.16,111.46,1
396,2024-05-03,TQBR,ABIO,17:48:00,113.2,113.28,111.46,1
397,2024-05-03,TQBR,ABIO,17:49:00,113.26,113.28,111.46,1
398,2024-05-03,TQBR,ABIO,17:50:00,113.26,113.28,111.46,1
399,2024-05-03,TQBR,ABIO,17:52:00,113.26,113.28,111.46,1
400,2024-05-03,TQBR,ABIO,17:54:00,113.26,113.28,111.46,1
401,2024-05-03,TQBR,ABIO,17:56:00,113.28,113.28,111.46,1
402,2024-05-03,TQBR,ABIO,17:58:00,113.26,113.16,111.46,1
403,2024-05-03,TQBR,ABIO,18:00:00,113.24,113.28,111.46,1
404,2024-05-03,TQBR,ABIO,18:02:00,113.26,113.3,111.46,1
405,2024-05-03,TQBR,ABIO,18:03:00,113.26,113.3,111.46,1
406,2024-05-03,TQBR,ABIO,18:05:00,113.28,113.3,111.46,1
407,2024-05-03,TQBR,ABIO,18:06:00,113.26,113.3,111.46,1
408,2024-05-03,TQBR,ABIO,18:07:00,113.28,113.32,111.46,1
409,2024-05-03,TQBR,ABIO,18:08:00,113.3,113.22,111.46,1
410,2024-05-03,TQBR,ABIO,18:09:00,113.3,113.22,111.46,1
411,2024-05-03,TQBR,ABIO,18:13:00,113.16,113.1,111.46,1
412,2024-05-03,TQBR,ABIO,18:14:00,113.14,113.1,111.46,1
413,2024-05-03,TQBR,ABIO,18:15:00,113.14,113.26,111.46,1
414,2024-05-03,TQBR,ABIO,18:16:00,113.16,113.28,111.46,1
415,2024-05-03,TQBR,ABIO,18:17:00,113.22,113.42,111.46,1
416,2024-05-03,TQBR,ABIO,18:18:00,113.22,113.26,111.46,1
417,2024-05-03,TQBR,ABIO,18:19:00,113.22,113.22,111.46,1
418,2024-05-03,TQBR,ABIO,18:21:00,113.24,113.38,111.46,1
419,2024-05-03,TQBR,ABIO,18:22:00,113.24,113.42,111.46,1
420,2024-05-03,TQBR,ABIO,18:24:00,113.34,113.42,111.46,1
421,2024-05-03,TQBR,ABIO,18:25:00,113.34,113.4,111.46,1
422,2024-05-03,TQBR,ABIO,18:27:00,113.34,113.42,111.46,1
423,2024-05-03,TQBR,ABIO,18:28:00,113.38,113.2,111.46,1
424,2024-05-03,TQBR,ABIO,18:29:00,113.38,113.22,111.46,1
425,2024-05-03,TQBR,ABIO,18:30:00,113.34,113.1,111.46,1
426,2024-05-03,TQBR,ABIO,18:31:00,113.2,113.1,111.46,1
427,2024-05-03,TQBR,ABIO,18:32:00,113.16,113.2,111.46,1
428,2024-05-03,TQBR,ABIO,18:33:00,113.16,113.22,111.46,1
429,2024-05-03,TQBR,ABIO,18:35:00,113.16,113.28,111.46,1
430,2024-05-03,TQBR,ABIO,18:36:00,113.16,113.1,111.46,1
431,2024-05-03,TQBR,ABIO,18:37:00,113.14,113.1,111.46,1
432,2024-05-03,TQBR,ABIO,18:38:00,113.12,113.36,111.46,1
433,2024-05-03,TQBR,ABIO,18:39:00,113.12,113.38,111.46,1
434,2024-05-03,TQBR,ABIO,18:40:00,113.12,113.36,111.46,1
435,2024-05-03,TQBR,ABIO,18:46:00,113.22,113.2,111.46,1
436,2024-05-03,TQBR,ABIO,18:47:00,113.22,113.2,111.46,1
437,2024-05-03,TQBR,ABIO,19:05:00,113.2,113.2,111.46,2
438,2024-05-03,TQBR,ABIO,19:06:00,113.18,113.16,111.46,2
439,2024-05-03,TQBR,ABIO,19:07:00,113.24,113.2,111.46,2
440,2024-05-03,TQBR,ABIO,19:13:00,113.24,113.36,111.46,2
441,2024-05-03,TQBR,ABIO,19:14:00,113.24,113.36,111.46,2
442,2024-05-03,TQBR,ABIO,19:15:00,113.26,113.36,111.46,2
443,2024-05-03,TQBR,ABIO,19:20:00,113.36,113.32,111.46,2
444,2024-05-03,TQBR,ABIO,19:21:00,113.32,113.3,111.46,2
445,2024-05-03,TQBR,ABIO,19:24:00,113.24,113.18,111.46,2
446,2024-05-03,TQBR,ABIO,19:28:00,113.22,113.18,111.46,2
447,2024-05-03,TQBR,ABIO,19:31:00,113.12,113.18,111.46,2
448,2024-05-03,TQBR,ABIO,19:32:00,113.12,113.18,111.46,2
449,2024-05-03,TQBR,ABIO,19:34:00,113.14,113.26,111.46,2
450,2024-05-03,TQBR,ABIO,19:38:00,113.12,113.12,111.46,2
451,2024-05-03,TQBR,ABIO,19:41:00,113.18,113.1,111.46,2
452,2024-05-03,TQBR,ABIO,19:42:00,113.14,113.1,111.46,2
453,2024-05-03,TQBR,ABIO,19:43:00,113.14,113.1,111.46,2
454,2024-05-03,TQBR,ABIO,19:44:00,113.1,113.1,111.46,2
455,2024-05-03,TQBR,ABIO,19:46:00,113.14,113.22,111.46,2
456,2024-05-03,TQBR,ABIO,19:47:00,113.16,113.26,111.46,2
457,2024-05-03,TQBR,ABIO,19:48:00,113.16,113.26,111.46,2
458,2024-05-03,TQBR,ABIO,19:49:00,113.18,113.2,111.46,2
459,2024-05-03,TQBR,ABIO,19:50:00,113.18,113.22,111.46,2
460,2024-05-03,TQBR,ABIO,19:51:00,113.18,113.2,111.46,2
461,2024-05-03,TQBR,ABIO,19:55:00,113.22,113.22,111.46,2
462,2024-05-03,TQBR,ABIO,19:59:00,113.22,113.22,111.46,2
463,2024-05-03,TQBR,ABIO,20:01:00,113.08,113.06,111.46,2
464,2024-05-03,TQBR,ABIO,20:02:00,113.08,113.18,111.46,2
465,2024-05-03,TQBR,ABIO,20:03:00,113.06,113.06,111.46,2
466,2024-05-03,TQBR,ABIO,20:04:00,113.04,113.18,111.46,2
467,2024-05-03,TQBR,ABIO,20:05:00,113.04,113.06,111.46,2
468,2024-05-03,TQBR,ABIO,20:06:00,113.04,113.02,111.46,2
469,2024-05-03,TQBR,ABIO,20:07:00,113.04,113.02,111.46,2
470,2024-05-03,TQBR,ABIO,20:08:00,113.04,113.02,111.46,2
471,2024-05-03,TQBR,ABIO,20:09:00,113.04,113.18,111.46,2
472,2024-05-03,TQBR,ABIO,20:11:00,113.04,113.0,111.46,2
473,2024-05-03,TQBR,ABIO,20:12:00,113.04,113.02,111.46,2
474,2024-05-03,TQBR,ABIO,20:13:00,113.02,112.92,111.46,2
475,2024-05-03,TQBR,ABIO,20:15:00,113.0,113.04,111.46,2
476,2024-05-03,TQBR,ABIO,20:18:00,112.92,112.9,111.46,2
477,2024-05-03,TQBR,ABIO,20:22:00,112.84,112.7,111.46,2
478,2024-05-03,TQBR,ABIO,20:24:00,112.78,112.62,111.46,2
479,2024-05-03,TQBR,ABIO,20:25:00,112.76,112.96,111.46,2
480,2024-05-03,TQBR,ABIO,20:31:00,112.66,113.0,111.46,2
481,2024-05-03,TQBR,ABIO,20:34:00,112.6,113.06,111.46,2
482,2024-05-03,TQBR,ABIO,20:35:00,113.06,113.06,111.46,2
483,2024-05-03,TQBR,ABIO,20:39:00,113.06,113.0,111.46,2
484,2024-05-03,TQBR,ABIO,20:40:00,112.96,113.04,111.46,2
485,2024-05-03,TQBR,ABIO,20:41:00,112.98,113.02,111.46,2
486,2024-05-03,TQBR,ABIO,20:43:00,112.98,113.04,111.46,2
487,2024-05-03,TQBR,ABIO,20:44:00,113.0,113.04,111.46,2
488,2024-05-03,TQBR,ABIO,20:46:00,112.98,112.84,111.46,2
489,2024-05-03,TQBR,ABIO,20:48:00,112.98,113.04,111.46,2
490,2024-05-03,TQBR,ABIO,20:50:00,113.02,113.02,111.46,2
491,2024-05-03,TQBR,ABIO,20:51:00,113.02,113.02,111.46,2
492,2024-05-03,TQBR,ABIO,20:55:00,113.02,113.06,111.46,2
493,2024-05-03,TQBR,ABIO,20:56:00,113.1,113.2,111.46,2
494,2024-05-03,TQBR,ABIO,21:05:00,113.1,113.16,111.46,2
495,2024-05-03,TQBR,ABIO,21:08:00,113.18,113.18,111.46,2
496,2024-05-03,TQBR,ABIO,21:09:00,113.18,113.18,111.46,2
497,2024-05-03,TQBR,ABIO,21:10:00,113.18,113.18,111.46,2
498,2024-05-03,TQBR,ABIO,21:12:00,113.18,113.18,111.46,2
499,2024-05-03,TQBR,ABIO,21:14:00,113.06,113.0,111.46,2
500,2024-05-03,TQBR,ABIO,21:15:00,113.06,113.16,111.46,2
501,2024-05-03,TQBR,ABIO,21:16:00,113.06,113.18,111.46,2
502,2024-05-03,TQBR,ABIO,21:18:00,113.02,112.96,111.46,2
503,2024-05-03,TQBR,ABIO,21:21:00,112.96,112.96,111.46,2
504,2024-05-03,TQBR,ABIO,21:22:00,112.96,112.96,111.46,2
505,2024-05-03,TQBR,ABIO,21:26:00,112.96,113.08,111.46,2
506,2024-05-03,TQBR,ABIO,21:27:00,112.96,113.08,111.46,2
507,2024-05-03,TQBR,ABIO,21:28:00,112.98,113.12,111.46,2
508,2024-05-03,TQBR,ABIO,21:29:00,112.98,113.12,111.46,2
509,2024-05-03,TQBR,ABIO,21:31:00,113.02,112.98,111.46,2
510,2024-05-03,TQBR,ABIO,21:35:00,113.02,112.96,111.46,2
511,2024-05-03,TQBR,ABIO,21:38:00,113.0,112.96,111.46,2
512,2024-05-03,TQBR,ABIO,21:41:00,113.0,113.06,111.46,2
513,2024-05-03,TQBR,ABIO,21:54:00,113.06,113.06,111.46,2
514,2024-05-03,TQBR,ABIO,21:55:00,113.06,113.06,111.46,2
515,2024-05-03,TQBR,ABIO,21:56:00,113.06,112.98,111.46,2
516,2024-05-03,TQBR,ABIO,21:57:00,113.06,113.06,111.46,2
517,2024-05-03,TQBR,ABIO,21:58:00,113.06,113.06,111.46,2
518,2024-05-03,TQBR,ABIO,22:02:00,113.06,113.06,111.46,2
519,2024-05-03,TQBR,ABIO,22:04:00,113.06,113.06,111.46,2
520,2024-05-03,TQBR,ABIO,22:05:00,113.06,113.08,111.46,2
521,2024-05-03,TQBR,ABIO,22:07:00,113.06,113.06,111.46,2
522,2024-05-03,TQBR,ABIO,22:08:00,113.06,113.06,111.46,2
523,2024-05-03,TQBR,ABIO,22:09:00,113.0,113.06,111.46,2
524,2024-05-03,TQBR,ABIO,22:11:00,113.0,112.96,111.46,2
525,2024-05-03,TQBR,ABIO,22:16:00,112.98,113.06,111.46,2
526,2024-05-03,TQBR,ABIO,22:18:00,112.98,113.06,111.46,2
527,2024-05-03,TQBR,ABIO,22:23:00,113.04,112.98,111.46,2
528,2024-05-03,TQBR,ABIO,22:25:00,113.04,113.06,111.46,2
529,2024-05-03,TQBR,ABIO,22:27:00,113.12,113.18,111.46,2
530,2024-05-03,TQBR,ABIO,22:30:00,113.12,113.16,111.46,2
531,2024-05-03,TQBR,ABIO,22:33:00,113.12,113.18,111.46,2
532,2024-05-03,TQBR,ABIO,22:34:00,113.12,113.18,111.46,2
533,2024-05-03,TQBR,ABIO,22:35:00,113.12,113.18,111.46,2
534,2024-05-03,TQBR,ABIO,22:38:00,113.16,113.0,111.46,2
535,2024-05-03,TQBR,ABIO,22:39:00,113.14,112.98,111.46,2
536,2024-05-03,TQBR,ABIO,22:44:00,113.14,113.12,111.46,2
537,2024-05-03,TQBR,ABIO,22:45:00,113.12,112.98,111.46,2
538,2024-05-03,TQBR,ABIO,22:46:00,113.04,112.92,111.46,2
539,2024-05-03,TQBR,ABIO,22:47:00,112.88,112.86,111.46,2
540,2024-05-03,TQBR,ABIO,22:48:00,112.88,112.88,111.46,2
541,2024-05-03,TQBR,ABIO,22:49:00,112.88,112.84,111.46,2
542,2024-05-03,TQBR,ABIO,22:50:00,112.88,112.84,111.46,2
543,2024-05-03,TQBR,ABIO,22:56:00,112.88,112.88,111.46,2
544,2024-05-03,TQBR,ABIO,22:57:00,112.88,112.86,111.46,2
545,2024-05-03,TQBR,ABIO,22:58:00,112.88,113.08,111.46,2
546,2024-05-03,TQBR,ABIO,23:00:00,113.1,113.16,111.46,2
547,2024-05-03,TQBR,ABIO,23:01:00,113.14,113.18,111.46,2
548,2024-05-03,TQBR,ABIO,23:02:00,113.14,113.18,111.46,2
549,2024-05-03,TQBR,ABIO,23:08:00,113.16,112.86,111.46,2
550,2024-05-03,TQBR,ABIO,23:09:00,113.14,112.86,111.46,2
551,2024-05-03,TQBR,ABIO,23:12:00,112.86,112.84,111.46,2
552,2024-05-03,TQBR,ABIO,23:14:00,112.88,113.04,111.46,2
553,2024-05-03,TQBR,ABIO,23:15:00,112.88,113.1,111.46,2
554,2024-05-03,TQBR,ABIO,23:17:00,112.9,113.12,111.46,2
555,2024-05-03,TQBR,ABIO,23:18:00,112.92,113.16,111.46,2
556,2024-05-03,TQBR,ABIO,23:19:00,112.92,113.02,111.46,2
557,2024-05-03,TQBR,ABIO,23:21:00,112.92,112.84,111.46,2
558,2024-05-03,TQBR,ABIO,23:25:00,113.02,112.86,111.46,2
559,2024-05-03,TQBR,ABIO,23:31:00,113.04,113.1,111.46,2
560,2024-05-03,TQBR,ABIO,23:34:00,112.94,113.1,111.46,2
561,2024-05-03,TQBR,ABIO,23:35:00,112.96,112.88,111.46,2
562,2024-05-03,TQBR,ABIO,23:37:00,112.86,112.82,111.46,2
563,2024-05-03,TQBR,ABIO,23:38:00,112.86,113.12,111.46,2
564,2024-05-03,TQBR,ABIO,23:42:00,112.84,112.88,111.46,2
565,2024-05-03,TQBR,ABIO,23:44:00,112.84,113.1,111.46,2
566,2024-05-03,TQBR,ABIO,23:47:00,112.86,113.1,111.46,2
567,2024-05-03,TQBR,ABIO,23:48:00,112.86,112.86,111.46,2
568,2024-05-03,TQBR,ABIO,23:49:00,112.88,113.0,111.46,2
569,2024-05-03,TQBR,ABRD,10:00:00,293.4,293.4,293.2,1
570,2024-05-03,TQBR,ABRD,10:01:00,293.4,293.6,293.2,1
571,2024-05-03,TQBR,ABRD,10:02:00,293.4,293.4,293.2,1
572,2024-05-03,TQBR,ABRD,10:03:00,293.4,293.4,293.2,1
573,2024-05-03,TQBR,ABRD,10:04:00,293.4,293.6,293.2,1
574,2024-05-03,TQBR,ABRD,10:05:00,293.4,293.6,293.2,1
575,2024-05-03,TQBR,ABRD,10:06:00,293.4,293.6,293.2,1
576,2024-05-03,TQBR,ABRD,10:07:00,293.6,293.6,293.2,1
577,2024-05-03,TQBR,ABRD,10:08:00,293.6,294.2,293.2,1
578,2024-05-03,TQBR,ABRD,10:09:00,293.6,294.0,293.2,1
579,2024-05-03,TQBR,ABRD,10:10:00,293.6,294.2,293.2,1
580,2024-05-03,TQBR,ABRD,10:11:00,293.8,294.2,293.2,1
581,2024-05-03,TQBR,ABRD,10:12:00,294.0,294.6,293.2,1
582,2024-05-03,TQBR,ABRD,10:13:00,294.0,294.4,293.2,1
583,2024-05-03,TQBR,ABRD,10:15:00,294.2,295.0,293.2,1
584,2024-05-03,TQBR,ABRD,10:16:00,294.4,295.0,293.2,1
585,2024-05-03,TQBR,ABRD,10:17:00,294.6,295.6,293.2,1
586,2024-05-03,TQBR,ABRD,10:18:00,295.2,295.2,293.2,1
587,2024-05-03,TQBR,ABRD,10:19:00,295.2,295.2,293.2,1
588,2024-05-03,TQBR,ABRD,10:20:00,295.4,295.6,293.2,1
589,2024-05-03,TQBR,ABRD,10:21:00,295.4,295.2,293.2,1
590,2024-05-03,TQBR,ABRD,10:22:00,295.4,294.4,293.2,1
591,2024-05-03,TQBR,ABRD,10:23:00,295.4,295.0,293.2,1
592,2024-05-03,TQBR,ABRD,10:24:00,295.4,295.4,293.2,1
593,2024-05-03,TQBR,ABRD,10:25:00,295.4,295.4,293.2,1
594,2024-05-03,TQBR,ABRD,10:26:00,295.4,295.4,293.2,1
595,2024-05-03,TQBR,ABRD,10:27:00,295.4,295.4,293.2,1
596,2024-05-03,TQBR,ABRD,10:28:00,295.2,295.0,293.2,1
597,2024-05-03,TQBR,ABRD,10:29:00,295.0,295.2,293.2,1
598,2024-05-03,TQBR,ABRD,10:30:00,295.0,295.0,293.2,1
599,2024-05-03,TQBR,ABRD,10:32:00,295.0,294.6,293.2,1
600,2024-05-03,TQBR,ABRD,10:33:00,295.0,294.6,293.2,1
601,2024-05-03,TQBR,ABRD,10:34:00,295.0,295.2,293.2,1
602,2024-05-03,TQBR,ABRD,10:35:00,295.0,295.0,293.2,1
603,2024-05-03,TQBR,ABRD,10:36:00,295.0,295.2,293.2,1
604,2024-05-03,TQBR,ABRD,10:38:00,295.0,295.2,293.2,1
605,2024-05-03,TQBR,ABRD,10:39:00,295.0,295.0,293.2,1
606,2024-05-03,TQBR,ABRD,10:40:00,295.0,295.0,293.2,1
607,2024-05-03,TQBR,ABRD,10:41:00,294.8,294.4,293.2,1
608,2024-05-03,TQBR,ABRD,10:43:00,294.4,293.8,293.2,1
609,2024-05-03,TQBR,ABRD,10:44:00,294.4,294.0,293.2,1
610,2024-05-03,TQBR,ABRD,10:46:00,294.4,294.2,293.2,1
611,2024-05-03,TQBR,ABRD,10:47:00,294.2,294.0,293.2,1
612,2024-05-03,TQBR,ABRD,10:48:00,294.2,294.0,293.2,1
613,2024-05-03,TQBR,ABRD,10:49:00,294.2,294.2,293.2,1
614,2024-05-03,TQBR,ABRD,10:50:00,294.2,294.0,293.2,1
615,2024-05-03,TQBR,ABRD,10:51:00,294.0,293.2,293.2,1
616,2024-05-03,TQBR,ABRD,10:52:00,294.0,293.8,293.2,1
617,2024-05-03,TQBR,ABRD,10:57:00,293.6,293.4,293.2,1
618,2024-05-03,TQBR,ABRD,10:58:00,293.6,293.4,293.2,1
619,2024-05-03,TQBR,ABRD,10:59:00,293.6,293.4,293.2,1
620,2024-05-03,TQBR,ABRD,11:02:00,293.2,293.0,293.2,1
621,2024-05-03,TQBR,ABRD,11:03:00,293.2,293.0,293.2,1
622,2024-05-03,TQBR,ABRD,11:04:00,293.2,293.6,293.2,1
623,2024-05-03,TQBR,ABRD,11:07:00,293.0,293.4,293.2,1
624,2024-05-03,TQBR,ABRD,11:08:00,293.0,293.6,293.2,1
625,2024-05-03,TQBR,ABRD,11:10:00,293.0,293.0,293.2,1
626,2024-05-03,TQBR,ABRD,11:11:00,293.2,294.0,293.2,1
627,2024-05-03,TQBR,ABRD,11:14:00,293.2,293.2,293.2,1
628,2024-05-03,TQBR,ABRD,11:15:00,293.2,293.2,293.2,1
629,2024-05-03,TQBR,ABRD,11:16:00,293.2,294.0,293.2,1
630,2024-05-03,TQBR,ABRD,11:20:00,293.6,293.2,293.2,1
631,2024-05-03,TQBR,ABRD,11:21:00,293.0,293.0,293.2,1
632,2024-05-03,TQBR,ABRD,11:22:00,292.8,292.6,293.2,1
633,2024-05-03,TQBR,ABRD,11:23:00,292.6,292.0,293.2,1
634,2024-05-03,TQBR,ABRD,11:24:00,292.4,292.0,293.2,1
635,2024-05-03,TQBR,ABRD,11:26:00,292.4,292.4,293.2,1
636,2024-05-03,TQBR,ABRD,11:27:00,292.4,292.2,293.2,1
637,2024-05-03,TQBR,ABRD,11:28:00,292.4,292.6,293.2,1
638,2024-05-03,TQBR,ABRD,11:29:00,292.4,292.6,293.2,1
639,2024-05-03,TQBR,ABRD,11:31:00,292.4,293.0,293.2,1
640,2024-05-03,TQBR,ABRD,11:32:00,292.2,292.6,293.2,1
641,2024-05-03,TQBR,ABRD,11:34:00,292.4,293.0,293.2,1
642,2024-05-03,TQBR,ABRD,11:38:00,292.4,292.6,293.2,1
643,2024-05-03,TQBR,ABRD,11:39:00,292.4,292.2,293.2,1
644,2024-05-03,TQBR,ABRD,11:41:00,292.6,292.6,293.2,1
645,2024-05-03,TQBR,ABRD,11:42:00,292.6,292.4,293.2,1
646,2024-05-03,TQBR,ABRD,11:43:00,292.6,292.4,293.2,1
647,2024-05-03,TQBR,ABRD,11:44:00,292.6,292.4,293.2,1
648,2024-05-03,TQBR,ABRD,11:45:00,292.6,292.6,293.2,1
649,2024-05-03,TQBR,ABRD,11:46:00,292.6,292.4,293.2,1
650,2024-05-03,TQBR,ABRD,11:47:00,292.6,292.4,293.2,1
651,2024-05-03,TQBR,ABRD,11:49:00,292.6,292.2,293.2,1
652,2024-05-03,TQBR,ABRD,11:50:00,292.6,292.2,293.2,1
653,2024-05-03,TQBR,ABRD,11:53:00,292.4,292.2,293.2,1
654,2024-05-03,TQBR,ABRD,11:56:00,292.2,292.6,293.2,1
655,2024-05-03,TQBR,ABRD,11:57:00,292.2,292.6,293.2,1
656,2024-05-03,TQBR,ABRD,11:58:00,292.6,293.0,293.2,1
657,2024-05-03,TQBR,ABRD,11:59:00,292.6,293.0,293.2,1
658,2024-05-03,TQBR,ABRD,12:01:00,292.8,293.0,293.2,1
659,2024-05-03,TQBR,ABRD,12:03:00,292.8,293.0,293.2,1
660,2024-05-03,TQBR,ABRD,12:04:00,292.8,293.0,293.2,1
661,2024-05-03,TQBR,ABRD,12:05:00,292.8,293.2,293.2,1
662,2024-05-03,TQBR,ABRD,12:06:00,292.8,292.4,293.2,1
663,2024-05-03,TQBR,ABRD,12:07:00,292.8,293.0,293.2,1
664,2024-05-03,TQBR,ABRD,12:11:00,293.0,293.0,293.2,1
665,2024-05-03,TQBR,ABRD,12:13:00,293.0,293.2,293.2,1
666,2024-05-03,TQBR,ABRD,12:15:00,293.0,293.0,293.2,1
667,2024-05-03,TQBR,ABRD,12:16:00,293.0,293.2,293.2,1
668,2024-05-03,TQBR,ABRD,12:17:00,293.0,293.2,293.2,1
669,2024-05-03,TQBR,ABRD,12:19:00,293.0,293.2,293.2,1
670,2024-05-03,TQBR,ABRD,12:22:00,293.2,293.2,293.2,1
671,2024-05-03,TQBR,ABRD,12:23:00,293.2,293.0,293.2,1
672,2024-05-03,TQBR,ABRD,12:24:00,293.0,292.4,293.2,1
673,2024-05-03,TQBR,ABRD,12:25:00,292.8,292.2,293.2,1
674,2024-05-03,TQBR,ABRD,12:26:00,292.6,292.2,293.2,1
675,2024-05-03,TQBR,ABRD,12:27:00,292.4,292.0,293.2,1
676,2024-05-03,TQBR,ABRD,12:28:00,292.4,292.2,293.2,1
677,2024-05-03,TQBR,ABRD,12:29:00,292.4,293.4,293.2,1
678,2024-05-03,TQBR,ABRD,12:30:00,292.6,293.2,293.2,1
679,2024-05-03,TQBR,ABRD,12:31:00,292.6,292.2,293.2,1
680,2024-05-03,TQBR,ABRD,12:34:00,292.4,292.0,293.2,1
681,2024-05-03,TQBR,ABRD,12:36:00,292.4,292.6,293.2,1
682,2024-05-03,TQBR,ABRD,12:38:00,292.4,292.4,293.2,1
683,2024-05-03,TQBR,ABRD,12:39:00,292.4,292.2,293.2,1
684,2024-05-03,TQBR,ABRD,12:40:00,292.0,292.6,293.2,1
685,2024-05-03,TQBR,ABRD,12:42:00,292.0,292.6,293.2,1
686,2024-05-03,TQBR,ABRD,12:44:00,292.6,292.6,293.2,1
687,2024-05-03,TQBR,ABRD,12:45:00,292.4,292.2,293.2,1
688,2024-05-03,TQBR,ABRD,12:48:00,292.4,292.4,293.2,1
689,2024-05-03,TQBR,ABRD,12:49:00,292.4,292.4,293.2,1
690,2024-05-03,TQBR,ABRD,12:50:00,292.4,292.4,293.2,1
691,2024-05-03,TQBR,ABRD,12:51:00,292.4,292.4,293.2,1
692,2024-05-03,TQBR,ABRD,12:52:00,292.4,292.4,293.2,1
693,2024-05-03,TQBR,ABRD,12:54:00,292.0,292.0,293.2,1
694,2024-05-03,TQBR,ABRD,12:55:00,292.0,292.0,293.2,1
695,2024-05-03,TQBR,ABRD,12:57:00,292.0,292.2,293.2,1
696,2024-05-03,TQBR,ABRD,12:59:00,292.0,292.0,293.2,1
697,2024-05-03,TQBR,ABRD,13:00:00,292.0,292.2,293.2,1
698,2024-05-03,TQBR,ABRD,13:01:00,292.0,292.2,293.2,1
699,2024-05-03,TQBR,ABRD,13:03:00,292.0,292.2,293.2,1
700,2024-05-03,TQBR,ABRD,13:04:00,292.0,292.0,293.2,1
701,2024-05-03,TQBR,ABRD,13:05:00,292.0,292.0,293.2,1
702,2024-05-03,TQBR,ABRD,13:06:00,292.0,292.0,293.2,1
703,2024-05-03,TQBR,ABRD,13:07:00,292.0,292.4,293.2,1
704,2024-05-03,TQBR,ABRD,13:09:00,292.0,292.4,293.2,1
705,2024-05-03,TQBR,ABRD,13:11:00,292.0,292.4,293.2,1
706,2024-05-03,TQBR,ABRD,13:12:00,292.0,292.4,293.2,1
707,2024-05-03,TQBR,ABRD,13:13:00,292.0,292.6,293.2,1
708,2024-05-03,TQBR,ABRD,13:15:00,292.2,292.6,293.2,1
709,2024-05-03,TQBR,ABRD,13:17:00,292.6,292.6,293.2,1
710,2024-05-03,TQBR,ABRD,13:20:00,292.6,292.6,293.2,1
711,2024-05-03,TQBR,ABRD,13:25:00,292.6,292.6,293.2,1
712,2024-05-03,TQBR,ABRD,13:26:00,292.6,292.6,293.2,1
713,2024-05-03,TQBR,ABRD,13:27:00,292.6,292.4,293.2,1
714,2024-05-03,TQBR,ABRD,13:28:00,292.4,292.4,293.2,1
715,2024-05-03,TQBR,ABRD,13:29:00,292.4,292.6,293.2,1
716,2024-05-03,TQBR,ABRD,13:30:00,292.4,292.6,293.2,1
717,2024-05-03,TQBR,ABRD,13:31:00,292.4,292.6,293.2,1
718,2024-05-03,TQBR,ABRD,13:32:00,292.4,292.6,293.2,1
719,2024-05-03,TQBR,ABRD,13:33:00,292.2,292.0,293.2,1
720,2024-05-03,TQBR,ABRD,13:35:00,292.2,292.4,293.2,1
721,2024-05-03,TQBR,ABRD,13:36:00,292.2,292.4,293.2,1
722,2024-05-03,TQBR,ABRD,13:39:00,292.2,292.2,293.2,1
723,2024-05-03,TQBR,ABRD,13:41:00,292.2,292.2,293.2,1
724,2024-05-03,TQBR,ABRD,13:42:00,292.2,292.2,293.2,1
725,2024-05-03,TQBR,ABRD,13:48:00,292.2,292.2,293.2,1
726,2024-05-03,TQBR,ABRD,13:50:00,292.2,292.4,293.2,1
727,2024-05-03,TQBR,ABRD,13:51:00,292.2,292.2,293.2,1
728,2024-05-03,TQBR,ABRD,13:53:00,292.2,292.0,293.2,1
729,2024-05-03,TQBR,ABRD,13:54:00,292.0,292.0,293.2,1
730,2024-05-03,TQBR,ABRD,13:56:00,292.2,292.4,293.2,1
731,2024-05-03,TQBR,ABRD,14:07:00,292.6,293.2,293.2,1
732,2024-05-03,TQBR,ABRD,14:10:00,292.4,292.2,293.2,1
733,2024-05-03,TQBR,ABRD,14:11:00,292.4,292.6,293.2,1
734,2024-05-03,TQBR,ABRD,14:12:00,292.4,292.6,293.2,1
735,2024-05-03,TQBR,ABRD,14:17:00,292.2,292.0,293.2,1
736,2024-05-03,TQBR,ABRD,14:18:00,292.2,292.4,293.2,1
737,2024-05-03,TQBR,ABRD,14:28:00,292.0,292.4,293.2,1
738,2024-05-03,TQBR,ABRD,14:29:00,292.0,292.4,293.2,1
739,2024-05-03,TQBR,ABRD,14:30:00,292.0,292.4,293.2,1
740,2024-05-03,TQBR,ABRD,14:31:00,292.0,292.0,293.2,1
741,2024-05-03,TQBR,ABRD,14:34:00,292.0,292.6,293.2,1
742,2024-05-03,TQBR,ABRD,14:36:00,292.0,292.6,293.2,1
743,2024-05-03,TQBR,ABRD,14:37:00,292.0,292.6,293.2,1
744,2024-05-03,TQBR,ABRD,14:40:00,292.2,292.6,293.2,1
745,2024-05-03,TQBR,ABRD,14:42:00,292.2,292.0,293.2,1
746,2024-05-03,TQBR,ABRD,14:43:00,292.2,292.2,293.2,1
747,2024-05-03,TQBR,ABRD,14:44:00,292.2,292.4,293.2,1
748,2024-05-03,TQBR,ABRD,14:46:00,292.2,292.4,293.2,1
749,2024-05-03,TQBR,ABRD,14:47:00,292.2,292.4,293.2,1
750,2024-05-03,TQBR,ABRD,14:48:00,292.2,292.4,293.2,1
751,2024-05-03,TQBR,ABRD,14:51:00,292.2,292.6,293.2,1
752,2024-05-03,TQBR,ABRD,14:54:00,292.4,292.4,293.2,1
753,2024-05-03,TQBR,ABRD,14:58:00,292.4,292.2,293.2,1
754,2024-05-03,TQBR,ABRD,15:04:00,292.4,292.6,293.2,1
755,2024-05-03,TQBR,ABRD,15:07:00,292.0,292.4,293.2,1
756,2024-05-03,TQBR,ABRD,15:09:00,292.2,292.4,293.2,1
757,2024-05-03,TQBR,ABRD,15:11:00,292.0,291.4,293.2,1
758,2024-05-03,TQBR,ABRD,15:14:00,292.0,292.2,293.2,1
759,2024-05-03,TQBR,ABRD,15:20:00,291.6,292.4,293.2,1
760,2024-05-03,TQBR,ABRD,15:21:00,292.0,291.6,293.2,1
761,2024-05-03,TQBR,ABRD,15:23:00,292.0,292.4,293.2,1
762,2024-05-03,TQBR,ABRD,15:24:00,292.0,292.4,293.2,1
763,2024-05-03,TQBR,ABRD,15:25:00,292.2,292.4,293.2,1
764,2024-05-03,TQBR,ABRD,15:26:00,292.2,292.6,293.2,1
765,2024-05-03,TQBR,ABRD,15:27:00,292.2,292.6,293.2,1
766,2024-05-03,TQBR,ABRD,15:29:00,292.4,292.6,293.2,1
767,2024-05-03,TQBR,ABRD,15:30:00,292.4,292.8,293.2,1
768,2024-05-03,TQBR,ABRD,15:35:00,292.6,292.6,293.2,1
769,2024-05-03,TQBR,ABRD,15:37:00,292.6,292.8,293.2,1
770,2024-05-03,TQBR,ABRD,15:38:00,292.6,293.0,293.2,1
771,2024-05-03,TQBR,ABRD,15:39:00,292.6,293.0,293.2,1
772,2024-05-03,TQBR,ABRD,15:42:00,293.0,293.2,293.2,1
773,2024-05-03,TQBR,ABRD,15:43:00,293.0,293.2,293.2,1
774,2024-05-03,TQBR,ABRD,15:44:00,293.0,293.0,293.2,1
775,2024-05-03,TQBR,ABRD,15:49:00,293.2,293.0,293.2,1
776,2024-05-03,TQBR,ABRD,15:50:00,293.2,293.2,293.2,1
777,2024-05-03,TQBR,ABRD,15:52:00,293.2,293.4,293.2,1
778,2024-05-03,TQBR,ABRD,15:53:00,293.2,293.4,293.2,1
779,2024-05-03,TQBR,ABRD,15:54:00,293.2,293.4,293.2,1
780,2024-05-03,TQBR,ABRD,15:56:00,293.4,293.4,293.2,1
781,2024-05-03,TQBR,ABRD,15:57:00,293.4,293.4,293.2,1
782,2024-05-03,TQBR,ABRD,15:59:00,293.4,293.2,293.2,1
783,2024-05-03,TQBR,ABRD,16:01:00,293.4,293.4,293.2,1
784,2024-05-03,TQBR,ABRD,16:03:00,293.4,293.4,293.2,1
785,2024-05-03,TQBR,ABRD,16:04:00,293.4,293.4,293.2,1
786,2024-05-03,TQBR,ABRD,16:05:00,293.4,293.2,293.2,1
787,2024-05-03,TQBR,ABRD,16:06:00,293.4,293.4,293.2,1
788,2024-05-03,TQBR,ABRD,16:07:00,293.4,293.4,293.2,1
789,2024-05-03,TQBR,ABRD,16:08:00,293.4,293.4,293.2,1
790,2024-05-03,TQBR,ABRD,16:09:00,293.4,293.8,293.2,1
791,2024-05-03,TQBR,ABRD,16:10:00,293.4,293.6,293.2,1
792,2024-05-03,TQBR,ABRD,16:11:00,293.4,293.8,293.2,1
793,2024-05-03,TQBR,ABRD,16:13:00,293.6,293.8,293.2,1
794,2024-05-03,TQBR,ABRD,16:14:00,293.6,293.6,293.2,1
795,2024-05-03,TQBR,ABRD,16:17:00,293.8,293.8,293.2,1
796,2024-05-03,TQBR,ABRD,16:19:00,293.8,294.0,293.2,1
797,2024-05-03,TQBR,ABRD,16:20:00,293.8,293.8,293.2,1
798,2024-05-03,TQBR,ABRD,16:22:00,293.8,293.8,293.2,1
799,2024-05-03,TQBR,ABRD,16:23:00,293.8,293.8,293.2,1
800,2024-05-03,TQBR,ABRD,16:24:00,293.8,293.6,293.2,1
801,2024-05-03,TQBR,ABRD,16:26:00,293.8,293.6,293.2,1
802,2024-05-03,TQBR,ABRD,16:27:00,293.8,293.2,293.2,1
803,2024-05-03,TQBR,ABRD,16:28:00,293.8,293.2,293.2,1
804,2024-05-03,TQBR,ABRD,16:29:00,293.4,292.8,293.2,1
805,2024-05-03,TQBR,ABRD,16:31:00,293.2,293.4,293.2,1
806,2024-05-03,TQBR,ABRD,16:32:00,293.2,293.0,293.2,1
807,2024-05-03,TQBR,ABRD,16:33:00,293.2,292.6,293.2,1
808,2024-05-03,TQBR,ABRD,16:34:00,293.2,292.6,293.2,1
809,2024-05-03,TQBR,ABRD,16:35:00,293.2,292.6,293.2,1
810,2024-05-03,TQBR,ABRD,16:36:00,293.0,292.6,293.2,1
811,2024-05-03,TQBR,ABRD,16:39:00,292.8,292.6,293.2,1
812,2024-05-03,TQBR,ABRD,16:43:00,292.6,292.6,293.2,1
813,2024-05-03,TQBR,ABRD,16:44:00,292.6,292.6,293.2,1
814,2024-05-03,TQBR,ABRD,16:46:00,292.6,292.8,293.2,1
815,2024-05-03,TQBR,ABRD,16:48:00,292.6,292.8,293.2,1
816,2024-05-03,TQBR,ABRD,16:49:00,292.6,292.8,293.2,1
817,2024-05-03,TQBR,ABRD,16:53:00,292.6,292.6,293.2,1
818,2024-05-03,TQBR,ABRD,16:54:00,292.6,292.6,293.2,1
819,2024-05-03,TQBR,ABRD,16:55:00,292.6,292.6,293.2,1
820,2024-05-03,TQBR,ABRD,16:58:00,292.6,292.6,293.2,1
821,2024-05-03,TQBR,ABRD,16:59:00,292.8,293.0,293.2,1
822,2024-05-03,TQBR,ABRD,17:00:00,292.8,293.2,293.2,1
823,2024-05-03,TQBR,ABRD,17:03:00,292.8,293.0,293.2,1
824,2024-05-03,TQBR,ABRD,17:05:00,293.0,293.4,293.2,1
825,2024-05-03,TQBR,ABRD,17:07:00,293.0,293.6,293.2,1
826,2024-05-03,TQBR,ABRD,17:08:00,293.2,293.6,293.2,1
827,2024-05-03,TQBR,ABRD,17:09:00,293.4,293.2,293.2,1
828,2024-05-03,TQBR,ABRD,17:10:00,293.4,293.2,293.2,1
829,2024-05-03,TQBR,ABRD,17:11:00,293.4,293.0,293.2,1
830,2024-05-03,TQBR,ABRD,17:22:00,293.4,293.4,293.2,1
831,2024-05-03,TQBR,ABRD,17:24:00,293.4,293.4,293.2,1
832,2024-05-03,TQBR,ABRD,17:30:00,293.4,293.4,293.2,1
833,2024-05-03,TQBR,ABRD,17:32:00,293.4,293.4,293.2,1
834,2024-05-03,TQBR,ABRD,17:34:00,293.4,293.0,293.2,1
835,2024-05-03,TQBR,ABRD,17:35:00,293.2,293.4,293.2,1
836,2024-05-03,TQBR,ABRD,17:37:00,293.2,293.4,293.2,1
837,2024-05-03,TQBR,ABRD,17:39:00,293.2,293.4,293.2,1
838,2024-05-03,TQBR,ABRD,17:43:00,293.4,293.6,293.2,1
839,2024-05-03,TQBR,ABRD,17:49:00,293.4,293.8,293.2,1
840,2024-05-03,TQBR,ABRD,17:52:00,293.6,293.6,293.2,1
841,2024-05-03,TQBR,ABRD,17:53:00,293.6,293.8,293.2,1
842,2024-05-03,TQBR,ABRD,17:56:00,293.6,293.6,293.2,1
843,2024-05-03,TQBR,ABRD,17:57:00,293.6,293.8,293.2,1
844,2024-05-03,TQBR,ABRD,18:03:00,293.8,293.8,293.2,1
845,2024-05-03,TQBR,ABRD,18:04:00,293.8,293.8,293.2,1
846,2024-05-03,TQBR,ABRD,18:05:00,293.8,293.6,293.2,1
847,2024-05-03,TQBR,ABRD,18:06:00,293.6,293.2,293.2,1
848,2024-05-03,TQBR,ABRD,18:08:00,293.6,293.6,293.2,1
849,2024-05-03,TQBR,ABRD,18:10:00,293.6,293.6,293.2,1
850,2024-05-03,TQBR,ABRD,18:13:00,293.4,293.0,293.2,1
851,2024-05-03,TQBR,ABRD,18:17:00,293.2,293.0,293.2,1
852,2024-05-03,TQBR,ABRD,18:20:00,293.0,293.0,293.2,1
853,2024-05-03,TQBR,ABRD,18:21:00,293.0,293.2,293.2,1
854,2024-05-03,TQBR,ABRD,18:22:00,293.0,293.0,293.2,1
855,2024-05-03,TQBR,ABRD,18:24:00,293.0,293.2,293.2,1
856,2024-05-03,TQBR,ABRD,18:25:00,293.0,293.6,293.2,1
857,2024-05-03,TQBR,ABRD,18:28:00,293.0,293.6,293.2,1
858,2024-05-03,TQBR,ABRD,18:31:00,293.2,293.4,293.2,1
859,2024-05-03,TQBR,ABRD,18:36:00,293.4,293.6,293.2,1
860,2024-05-03,TQBR,ABRD,18:38:00,293.0,293.0,293.2,1
861,2024-05-03,TQBR,ABRD,18:46:00,293.0,293.0,293.2,1
862,2024-05-03,TQBR,ACKO,10:00:00,3.58,0.0,3.58,1
863,2024-05-03,TQBR,AFKS,10:00:00,25.409,25.409,25.32,1
864,2024-05-03,TQBR,AFKS,10:01:00,25.385,25.369,25.32,1
865,2024-05-03,TQBR,AFKS,10:02:00,25.379,25.372,25.32,1
866,2024-05-03,TQBR,AFKS,10:03:00,25.387,25.411,25.32,1
867,2024-05-03,TQBR,AFKS,10:04:00,25.391,25.411,25.32,1
868,2024-05-03,TQBR,AFKS,10:05:00,25.392,25.4,25.32,1
869,2024-05-03,TQBR,AFKS,10:06:00,25.392,25.396,25.32,1
870,2024-05-03,TQBR,AFKS,10:07:00,25.391,25.39,25.32,1
871,2024-05-03,TQBR,AFKS,10:08:00,25.385,25.347,25.32,1
872,2024-05-03,TQBR,AFKS,10:09:00,25.385,25.362,25.32,1
873,2024-05-03,TQBR,AFKS,10:10:00,25.384,25.365,25.32,1
874,2024-05-03,TQBR,AFKS,10:11:00,25.384,25.362,25.32,1
875,2024-05-03,TQBR,AFKS,10:12:00,25.381,25.342,25.32,1
876,2024-05-03,TQBR,AFKS,10:13:00,25.354,25.334,25.32,1
877,2024-05-03,TQBR,AFKS,10:14:00,25.345,25.33,25.32,1
878,2024-05-03,TQBR,AFKS,10:15:00,25.34,25.317,25.32,1
879,2024-05-03,TQBR,AFKS,10:16:00,25.332,25.296,25.32,1
880,2024-05-03,TQBR,AFKS,10:17:00,25.313,25.25,25.32,1
881,2024-05-03,TQBR,AFKS,10:18:00,25.243,25.178,25.32,1
882,2024-05-03,TQBR,AFKS,10:19:00,25.232,25.19,25.32,1
883,2024-05-03,TQBR,AFKS,10:20:00,25.229,25.17,25.32,1
884,2024-05-03,TQBR,AFKS,10:21:00,25.226,25.191,25.32,1
885,2024-05-03,TQBR,AFKS,10:22:00,25.222,25.22,25.32,1
886,2024-05-03,TQBR,AFKS,10:23:00,25.214,25.22,25.32,1
887,2024-05-03,TQBR,AFKS,10:24:00,25.212,25.235,25.32,1
888,2024-05-03,TQBR,AFKS,10:25:00,25.209,25.281,25.32,1
889,2024-05-03,TQBR,AFKS,10:26:00,25.205,25.276,25.32,1
890,2024-05-03,TQBR,AFKS,10:27:00,25.198,25.253,25.32,1
891,2024-05-03,TQBR,AFKS,10:28:00,25.214,25.264,25.32,1
892,2024-05-03,TQBR,AFKS,10:29:00,25.231,25.269,25.32,1
893,2024-05-03,TQBR,AFKS,10:30:00,25.247,25.262,25.32,1
894,2024-05-03,TQBR,AFKS,10:31:00,25.254,25.27,25.32,1
895,2024-05-03,TQBR,AFKS,10:32:00,25.257,25.271,25.32,1
896,2024-05-03,TQBR,AFKS,10:33:00,25.264,25.252,25.32,1
897,2024-05-03,TQBR,AFKS,10:34:00,25.265,25.242,25.32,1
898,2024-05-03,TQBR,AFKS,10:35:00,25.263,25.228,25.32,1
899,2024-05-03,TQBR,AFKS,10:36:00,25.26,25.228,25.32,1
900,2024-05-03,TQBR,AFKS,10:37:00,25.259,25.22,25.32,1
901,2024-05-03,TQBR,AFKS,10:38:00,25.258,25.212,25.32,1
902,2024-05-03,TQBR,AFKS,10:39:00,25.256,25.221,25.32,1
903,2024-05-03,TQBR,AFKS,10:40:00,25.243,25.24,25.32,1
904,2024-05-03,TQBR,AFKS,10:41:00,25.243,25.231,25.32,1
905,2024-05-03,TQBR,AFKS,10:42:00,25.243,25.27,25.32,1
906,2024-05-03,TQBR,AFKS,10:43:00,25.241,25.274,25.32,1
907,2024-05-03,TQBR,AFKS,10:44:00,25.238,25.28,25.32,1
908,2024-05-03,TQBR,AFKS,10:45:00,25.239,25.274,25.32,1
909,2024-05-03,TQBR,AFKS,10:46:00,25.247,25.283,25.32,1
910,2024-05-03,TQBR,AFKS,10:47:00,25.258,25.287,25.32,1
911,2024-05-03,TQBR,AFKS,10:48:00,25.269,25.295,25.32,1
912,2024-05-03,TQBR,AFKS,10:49:00,25.274,25.301,25.32,1
913,2024-05-03,TQBR,AFKS,10:50:00,25.284,25.311,25.32,1
914,2024-05-03,TQBR,AFKS,10:51:00,25.287,25.315,25.32,1
915,2024-05-03,TQBR,AFKS,10:52:00,25.295,25.316,25.32,1
916,2024-05-03,TQBR,AFKS,10:53:00,25.299,25.316,25.32,1
917,2024-05-03,TQBR,AFKS,10:54:00,25.302,25.311,25.32,1
918,2024-05-03,TQBR,AFKS,10:55:00,25.3,25.271,25.32,1
919,2024-05-03,TQBR,AFKS,10:56:00,25.3,25.285,25.32,1
920,2024-05-03,TQBR,AFKS,10:57:00,25.301,25.316,25.32,1
921,2024-05-03,TQBR,AFKS,10:58:00,25.303,25.307,25.32,1
922,2024-05-03,TQBR,AFKS,10:59:00,25.304,25.315,25.32,1
923,2024-05-03,TQBR,AFKS,11:00:00,25.305,25.319,25.32,1
924,2024-05-03,TQBR,AFKS,11:01:00,25.306,25.314,25.32,1
925,2024-05-03,TQBR,AFKS,11:02:00,25.308,25.343,25.32,1
926,2024-05-03,TQBR,AFKS,11:03:00,25.314,25.355,25.32,1
927,2024-05-03,TQBR,AFKS,11:04:00,25.314,25.351,25.32,1
928,2024-05-03,TQBR,AFKS,11:05:00,25.325,25.35,25.32,1
929,2024-05-03,TQBR,AFKS,11:06:00,25.329,25.341,25.32,1
930,2024-05-03,TQBR,AFKS,11:07:00,25.33,25.341,25.32,1
931,2024-05-03,TQBR,AFKS,11:08:00,25.33,25.334,25.32,1
932,2024-05-03,TQBR,AFKS,11:09:00,25.333,25.338,25.32,1
933,2024-05-03,TQBR,AFKS,11:10:00,25.335,25.33,25.32,1
934,2024-05-03,TQBR,AFKS,11:11:00,25.338,25.325,25.32,1
935,2024-05-03,TQBR,AFKS,11:12:00,25.342,25.324,25.32,1
936,2024-05-03,TQBR,AFKS,11:13:00,25.334,25.298,25.32,1
937,2024-05-03,TQBR,AFKS,11:14:00,25.332,25.282,25.32,1
938,2024-05-03,TQBR,AFKS,11:15:00,25.294,25.262,25.32,1
939,2024-05-03,TQBR,AFKS,11:16:00,25.29,25.31,25.32,1
940,2024-05-03,TQBR,AFKS,11:17:00,25.29,25.3,25.32,1
941,2024-05-03,TQBR,AFKS,11:18:00,25.29,25.289,25.32,1
942,2024-05-03,TQBR,AFKS,11:19:00,25.283,25.275,25.32,1
943,2024-05-03,TQBR,AFKS,11:20:00,25.283,25.3,25.32,1
944,2024-05-03,TQBR,AFKS,11:21:00,25.287,25.33,25.32,1
945,2024-05-03,TQBR,AFKS,11:22:00,25.287,25.324,25.32,1
946,2024-05-03,TQBR,AFKS,11:23:00,25.288,25.337,25.32,1
947,2024-05-03,TQBR,AFKS,11:24:00,25.288,25.32,25.32,1
948,2024-05-03,TQBR,AFKS,11:25:00,25.3,25.32,25.32,1
949,2024-05-03,TQBR,AFKS,11:26:00,25.314,25.319,25.32,1
950,2024-05-03,TQBR,AFKS,11:27:00,25.315,25.327,25.32,1
951,2024-05-03,TQBR,AFKS,11:28:00,25.316,25.328,25.32,1
952,2024-05-03,TQBR,AFKS,11:29:00,25.316,25.3,25.32,1
953,2024-05-03,TQBR,AFKS,11:30:00,25.317,25.3,25.32,1
954,2024-05-03,TQBR,AFKS,11:31:00,25.318,25.323,25.32,1
955,2024-05-03,TQBR,AFKS,11:32:00,25.318,25.338,25.32,1
956,2024-05-03,TQBR,AFKS,11:33:00,25.322,25.344,25.32,1
957,2024-05-03,TQBR,AFKS,11:34:00,25.324,25.346,25.32,1
958,2024-05-03,TQBR,AFKS,11:35:00,25.343,25.362,25.32,1
959,2024-05-03,TQBR,AFKS,11:36:00,25.359,25.394,25.32,1
960,2024-05-03,TQBR,AFKS,11:37:00,25.373,25.432,25.32,1
961,2024-05-03,TQBR,AFKS,11:38:00,25.382,25.405,25.32,1
962,2024-05-03,TQBR,AFKS,11:39:00,25.387,25.389,25.32,1
963,2024-05-03,TQBR,AFKS,11:40:00,25.388,25.38,25.32,1
964,2024-05-03,TQBR,AFKS,11:41:00,25.38,25.354,25.32,1
965,2024-05-03,TQBR,AFKS,11:42:00,25.38,25.379,25.32,1
966,2024-05-03,TQBR,AFKS,11:43:00,25.381,25.381,25.32,1
967,2024-05-03,TQBR,AFKS,11:44:00,25.382,25.399,25.32,1
968,2024-05-03,TQBR,AFKS,11:45:00,25.385,25.399,25.32,1
969,2024-05-03,TQBR,AFKS,11:46:00,25.384,25.399,25.32,1
970,2024-05-03,TQBR,AFKS,11:47:00,25.378,25.403,25.32,1
971,2024-05-03,TQBR,AFKS,11:48:00,25.37,25.405,25.32,1
972,2024-05-03,TQBR,AFKS,11:49:00,25.371,25.426,25.32,1
973,2024-05-03,TQBR,AFKS,11:50:00,25.384,25.46,25.32,1
974,2024-05-03,TQBR,AFKS,11:51:00,25.418,25.451,25.32,1
975,2024-05-03,TQBR,AFKS,11:52:00,25.433,25.454,25.32,1
976,2024-05-03,TQBR,AFKS,11:53:00,25.437,25.454,25.32,1
977,2024-05-03,TQBR,AFKS,11:54:00,25.439,25.456,25.32,1
978,2024-05-03,TQBR,AFKS,11:55:00,25.443,25.47,25.32,1
979,2024-05-03,TQBR,AFKS,11:56:00,25.449,25.485,25.32,1
980,2024-05-03,TQBR,AFKS,11:57:00,25.452,25.486,25.32,1
981,2024-05-03,TQBR,AFKS,11:58:00,25.454,25.471,25.32,1
982,2024-05-03,TQBR,AFKS,11:59:00,25.455,25.431,25.32,1
983,2024-05-03,TQBR,AFKS,12:00:00,25.461,25.466,25.32,1
984,2024-05-03,TQBR,AFKS,12:01:00,25.462,25.458,25.32,1
985,2024-05-03,TQBR,AFKS,12:02:00,25.465,25.412,25.32,1
986,2024-05-03,TQBR,AFKS,12:03:00,25.459,25.398,25.32,1
987,2024-05-03,TQBR,AFKS,12:04:00,25.457,25.41,25.32,1
988,2024-05-03,TQBR,AFKS,12:05:00,25.456,25.423,25.32,1
989,2024-05-03,TQBR,AFKS,12:06:00,25.45,25.423,25.32,1
990,2024-05-03,TQBR,AFKS,12:07:00,25.447,25.468,25.32,1
991,2024-05-03,TQBR,AFKS,12:08:00,25.444,25.473,25.32,1
992,2024-05-03,TQBR,AFKS,12:09:00,25.444,25.451,25.32,1
993,2024-05-03,TQBR,AFKS,12:10:00,25.425,25.45,25.32,1
994,2024-05-03,TQBR,AFKS,12:11:00,25.422,25.45,25.32,1
995,2024-05-03,TQBR,AFKS,12:12:00,25.42,25.448,25.32,1
996,2024-05-03,TQBR,AFKS,12:13:00,25.431,25.441,25.32,1
997,2024-05-03,TQBR,AFKS,12:14:00,25.441,25.449,25.32,1
998,2024-05-03,TQBR,AFKS,12:15:00,25.442,25.442,25.32,1
999,2024-05-03,TQBR,AFKS,12:16:00,25.445,25.448,25.32,1
